{"train/batch":300,"train/epoch":"Epoch 0 | ","_timestamp":1.7520818555598824e+09,"_runtime":45.4282858,"_step":31,"_wandb":{"runtime":46},"train/loss":1.7495988607406616,"train/avg_loss":1.7608627319335937}