{"train/loss":1.517081379890442,"_wandb":{"runtime":81},"train/avg_loss":1.586961281299591,"train/batch":710,"train/epoch":"Epoch 0 | ","_timestamp":1.7520821440331235e+09,"_runtime":81.0913861,"_step":72}